,Position,Relative Importance
0,238,0.016490614501985506
1,3,0.015717037008513898
2,216,0.013993499570082278
3,170,0.0138430985406112
4,2,0.013773387633774394
5,428,0.013658011665187306
6,65,0.013181263091148043
7,298,0.013059257680669765
8,197,0.01284887844787972
9,179,0.012579760620433577
10,167,0.012461134688729053
11,166,0.012108818419775605
12,305,0.011807868139672148
13,14,0.011495274642535963
14,126,0.01122782411855556
15,190,0.010812593196042336
16,62,0.01080189873579794
17,536,0.010704775181510869
18,557,0.010691409618738821
19,106,0.010486654791330189
20,12,0.010168485449888359
21,234,0.009603878034110527
22,376,0.009495601338494863
23,468,0.009108460311077956
24,336,0.008774050376273013
25,380,0.008628459765904335
26,186,0.008535595227887337
27,39,0.008410471236830336
28,279,0.008389356759378333
29,334,0.008359317834769077
30,120,0.008155428964739938
31,144,0.008132798745493183
32,352,0.00793340705498388
33,165,0.007867881103627248
34,215,0.007819823991595604
35,4,0.00777516357783866
36,558,0.00765899313465366
37,11,0.007455624535944168
38,24,0.007321020186449559
39,317,0.007274089044815122
40,182,0.007157193442742485
41,252,0.007002731644396431
42,6,0.0068951370461224236
43,513,0.0068185967991181776
44,142,0.006757788533369498
45,7,0.006620763507312266
46,559,0.00659540479533146
47,555,0.006441642528869937
48,412,0.0061727880499087675
49,500,0.006122230041814957
50,148,0.006067768269339796
51,319,0.006063549525773137
52,195,0.005892177314379362
53,369,0.005841099194475877
54,286,0.005778520674650412
55,326,0.00576695058966259
56,152,0.005701765097596136
57,233,0.005694538221623205
58,86,0.005629842811173083
59,410,0.00562141331468453
60,37,0.005501114239357185
61,125,0.005426812530185148
62,472,0.005422180205773646
63,137,0.005402030720857766
64,8,0.0053333716700452545
65,204,0.005285988706942012
66,243,0.00518625695112822
67,15,0.005183487679606688
68,157,0.005135763405517395
69,281,0.0051186424407438065
70,217,0.0050510180911911675
71,284,0.005045897060181939
72,205,0.004881668146420737
73,242,0.0048586397780642785
74,46,0.004704473886567333
75,149,0.004635424198745318
76,131,0.004549377643876345
77,200,0.004484315150865657
78,504,0.00432092588895176
79,495,0.004197320599312514
80,266,0.0041917583957134285
81,382,0.003956908006017975
82,312,0.003899183843176694
83,203,0.003884487928486102
84,199,0.003877000943706925
85,538,0.0038744732394433265
86,181,0.0038378854646808763
87,539,0.0037682825630826968
88,78,0.00372238510989198
89,282,0.003652281050458369
90,366,0.0036289942531136732
91,163,0.0036288345577650994
92,73,0.003593188461250722
93,129,0.0035448718386606893
94,554,0.0035194566202650357
95,212,0.003516284191290306
96,74,0.0034750775904676475
97,509,0.0034738665789371464
98,483,0.003463308699392629
99,223,0.0034492822196766676
100,553,0.003436554710479477
101,53,0.003394716953960465
102,497,0.003370933535306599
103,293,0.003353118721754253
104,91,0.0033417824177041913
105,100,0.0033409247853207714
106,544,0.0033305095307999675
107,303,0.0033243843476265856
108,496,0.003323235255993314
109,263,0.003295258061481306
110,180,0.0032568814443175945
111,465,0.0031762259303753505
112,89,0.0031562670505533015
113,371,0.0030054573130948075
114,393,0.0029353672811563303
115,268,0.002900358147976344
116,540,0.0028771459007612766
117,551,0.0028657129270675138
118,5,0.002829037638599551
119,270,0.0026865852958202143
120,391,0.0026649113723544496
121,383,0.00263064296057601
122,556,0.0025826896498264587
123,1,0.0025725303773205736
124,178,0.0025262330167480397
125,498,0.002503014386000167
126,314,0.0024882053520741756
127,121,0.0024811641106393
128,221,0.002425946680716786
129,133,0.002417682236733102
130,419,0.002374267498498327
131,482,0.0023655647036925397
132,111,0.002355687860192229
133,545,0.002352666629016122
134,552,0.0022756843592183556
135,318,0.002248232087741572
136,196,0.002243258777733809
137,550,0.002221859507432909
138,541,0.002171771056134201
139,543,0.0021668954776701377
140,476,0.0021544689456834496
141,537,0.0021468129481088728
142,16,0.0021364984224857713
143,47,0.0021359558379158675
144,549,0.002092291232758486
145,333,0.002090847903916592
146,87,0.0020593000174991033
147,535,0.0020428088974985673
148,547,0.0020072024377649584
149,13,0.0019872664290453207
150,355,0.0019513969890250604
151,546,0.0018956814758586177
152,103,0.0018837366601618202
153,503,0.0018696400636714844
154,548,0.001767372782199303
155,335,0.0017240163057497032
156,542,0.0017014913485299402
157,138,0.0016946478921271656
158,320,0.001684836988316651
159,253,0.0016795440924630646
160,219,0.0016689616688577997
161,255,0.0016581056789749652
162,211,0.0016351469811748047
163,415,0.0016112142760372292
164,10,0.0016089353963392864
165,70,0.0016052288132802199
166,375,0.001595617520891776
167,132,0.001561927945922573
168,269,0.0015008816310650738
169,408,0.0014979038577813265
170,9,0.0014713104928165196
171,92,0.0014244656351165594
172,175,0.0013539339742609884
173,153,0.0013162920082270214
174,480,0.00129383793049098
175,390,0.0012822374171544745
176,534,0.0012752686985472153
177,518,0.0012489878310332837
178,57,0.0012310705005433569
179,45,0.0012102349148860126
180,512,0.0011965811662477358
181,409,0.0011698683923074412
182,210,0.0011421785758785159
183,421,0.0011345284526254624
184,52,0.0011295064512094899
185,245,0.0011274630469888863
186,164,0.001111452877123084
187,331,0.0011089324676119615
188,192,0.0011001346379282833
189,85,0.0010589700723436977
190,193,0.0010391974415583276
191,506,0.0010349388227454091
192,112,0.0010252314887220302
193,440,0.0010064230299860909
194,487,0.0009943094249560834
195,191,0.000981016130198703
196,229,0.0009491534129130645
197,172,0.0009442950953802865
198,484,0.0009439363710266817
199,273,0.000931854507068495
200,40,0.0009190263444857033
201,505,0.0008869014948642686
202,173,0.0008795761442701095
203,231,0.0008715935404432049
204,130,0.0008367725431066175
205,458,0.0008360705362065825
206,463,0.000833458918326646
207,114,0.0008206443292059975
208,83,0.0008199230133091715
209,265,0.0008198637169479624
210,224,0.0008097152405291959
211,418,0.000802746034312199
212,299,0.0008019980152153939
213,51,0.0008010935628997602
214,402,0.0007924142415941645
215,453,0.0007920487851579762
216,124,0.0007782667747258746
217,206,0.0007717436082477538
218,251,0.0007671706543988932
219,208,0.0007624709153972787
220,328,0.0007586341372373289
221,302,0.0007573390102280601
222,230,0.0007548811728326871
223,156,0.0007374301683018494
224,385,0.0007203446261456989
225,526,0.0007130024986158538
226,411,0.0007039760094526754
227,439,0.0006951452569142247
228,101,0.0006946795342871664
229,276,0.0006583829515103993
230,446,0.0006523390061444519
231,519,0.0006520806326884402
232,90,0.0006494997726209641
233,275,0.0006399498590528077
234,18,0.000638248026796846
235,308,0.0006209329918600717
236,398,0.0006195702299229812
237,347,0.0006170928463362379
238,416,0.0006117513853747126
239,34,0.0005948801661227632
240,400,0.0005935743329022847
241,457,0.000591446575255534
242,184,0.0005759556646918753
243,174,0.0005743344442146173
244,43,0.0005641242369701109
245,404,0.0005604226071327933
246,244,0.0005576552551340366
247,19,0.0005560568435582318
248,323,0.0005502469824345131
249,297,0.0005415512710622788
250,462,0.0005370936089565708
251,401,0.0005355773932982121
252,272,0.00053437154835389
253,522,0.0005303756263877683
254,521,0.0005303540927661805
255,136,0.0005292367450117156
256,36,0.0005086225715638455
257,427,0.0005084151282757915
258,339,0.0005078344549583794
259,447,0.000504147172752958
260,316,0.0004989657760397802
261,44,0.0004978704503266969
262,392,0.0004964701201118664
263,384,0.0004907160522299434
264,507,0.00048787691556662316
265,454,0.0004846742389768598
266,104,0.00048311625076052575
267,116,0.0004824105446331133
268,432,0.00046707201906167294
269,23,0.00046132957167679164
270,296,0.00045541621998618144
271,394,0.00044493484413210083
272,290,0.0004435836532886049
273,48,0.0004418871977926346
274,517,0.00044166725351624757
275,340,0.00042859307756342753
276,520,0.0004274115639686673
277,228,0.0004226283701985235
278,63,0.00041351991429865387
279,397,0.00041083037653543927
280,387,0.0004047134804541155
281,514,0.00040057448547052387
282,143,0.00040017673158320913
283,531,0.0003990847596738351
284,176,0.0003845418931475116
285,227,0.0003824324051774628
286,307,0.00037858839100012514
287,501,0.00037262236185715245
288,350,0.0003628433897433297
289,450,0.00036157824973123107
290,424,0.0003580130721946578
291,403,0.00035679802046364155
292,128,0.0003519775488876219
293,71,0.00034820765556439114
294,68,0.00034080033779077413
295,183,0.0003401211459377014
296,488,0.0003307095243875664
297,437,0.0003290229169261525
298,134,0.0003286134517064563
299,444,0.00032776716492102786
300,77,0.0003257642054966943
301,291,0.000323482655020007
302,525,0.0003231075969652136
303,356,0.0003225171369476124
304,426,0.00031649468574760416
305,117,0.0003150232032011383
306,271,0.00030877008965686346
307,225,0.00030830651671619354
308,332,0.0003058245031704879
309,288,0.00030398630306646034
310,88,0.0003018638895434031
311,329,0.00030095749268265804
312,237,0.00029842839689578327
313,232,0.0002980014461769034
314,267,0.00029790163278494233
315,414,0.0002958979457379587
316,449,0.000295602898571717
317,377,0.00028905371151622707
318,278,0.0002851139880137758
319,194,0.0002841304654087571
320,119,0.0002832708561860423
321,162,0.00028298034274887546
322,135,0.0002796832767887191
323,523,0.00026575455564122036
324,277,0.00026418408980864174
325,461,0.00026213767541680974
326,256,0.00025735482842984225
327,82,0.00025523738141918775
328,150,0.00025379848176130827
329,417,0.00025110899338293445
330,21,0.00024433537975327617
331,475,0.00024202603269893989
332,315,0.00024143076843353075
333,430,0.000238728561775482
334,264,0.0002346356087398644
335,423,0.00022703623555239466
336,41,0.0002249717970198471
337,348,0.00022462280153672464
338,438,0.0002240089344795064
339,420,0.00022123211240216296
340,364,0.00021721972653113465
341,247,0.00021491440540911876
342,285,0.00021182090976657855
343,258,0.00021177374070197543
344,292,0.00020925764568034707
345,386,0.0002061570525264895
346,0,0.0001997137404140405
347,79,0.0001984957635635678
348,161,0.00019833944390194774
349,169,0.00019691254945994205
350,361,0.00019560339531796554
351,508,0.00019298504972227072
352,396,0.00019287024224483803
353,330,0.00019147805974476689
354,407,0.00019074285070129615
355,405,0.00018137194326691257
356,460,0.00017825003494338832
357,56,0.00017765273126856674
358,107,0.00017514688933467865
359,306,0.00017344364477919378
360,304,0.00017335572365720914
361,471,0.00017248052514364558
362,262,0.00017107210076734985
363,32,0.00016936126376030513
364,218,0.0001683858041103494
365,84,0.00016583135722248547
366,214,0.0001657798425813924
367,59,0.00016566769533642655
368,213,0.0001627528578729336
369,374,0.0001611526042568845
370,349,0.00016081560934099403
371,327,0.00016011328685107423
372,283,0.00015857970389147955
373,31,0.00015815307368421353
374,399,0.0001563168948043438
375,154,0.0001551730832598191
376,113,0.00015325772484251583
377,452,0.00015133835048761635
378,20,0.00014801332127102712
379,510,0.00014422103612114895
380,533,0.00014152406409669052
381,360,0.0001372445906382619
382,259,0.00013694814597145567
383,561,0.00013680180411069487
384,294,0.00013519401652095457
385,431,0.00013488514402366925
386,470,0.00013344660032039543
387,109,0.00013285763829033503
388,98,0.00012941767675176685
389,127,0.00012816562402958993
390,311,0.00012801883728765875
391,490,0.00012403695622790838
392,76,0.00012131351930162358
393,309,0.00012066045701179856
394,358,0.00012020291316278177
395,60,0.00011927573063941349
396,22,0.00011914420333588777
397,363,0.00011904363789625672
398,560,0.00011591585642729667
399,530,0.00011586073049787998
400,341,0.00011487677856000232
401,413,0.00011441881404415156
402,379,0.00011173624377483413
403,159,0.0001092441102169422
404,105,0.0001074144593253387
405,491,0.00010734011007687136
406,123,0.00010505729235542227
407,388,0.00010312586836905648
408,151,9.72712941618261e-05
409,422,9.631597495515407e-05
410,295,9.288596754556622e-05
411,313,9.027012147293764e-05
412,425,9.015970163588625e-05
413,516,8.922911668972466e-05
414,395,8.888523874956553e-05
415,489,8.615673410522816e-05
416,527,8.563788116654025e-05
417,337,8.394601017385533e-05
418,511,8.119173724399818e-05
419,95,8.08844853847034e-05
420,321,8.014297384923467e-05
421,93,7.767386154178046e-05
422,222,7.459704321395114e-05
423,96,7.141074304375875e-05
424,187,7.060269704035369e-05
425,464,7.048979702500327e-05
426,146,6.823149969421338e-05
427,351,6.675517967034375e-05
428,42,6.620467197170138e-05
429,433,6.224721605871546e-05
430,280,6.158522406130234e-05
431,139,5.9382048092210276e-05
432,478,5.90815637164065e-05
433,189,5.8670841550162203e-05
434,147,5.66997647165209e-05
435,344,5.625022189289503e-05
436,209,5.5443095845347776e-05
437,486,5.482733386951021e-05
438,207,5.4739112479949256e-05
439,115,5.4661783919226296e-05
440,220,5.4244337577034385e-05
441,563,5.23719640532135e-05
442,67,5.147324270905795e-05
443,29,5.038555081810736e-05
444,64,4.78214343202715e-05
445,94,4.746588802737959e-05
446,562,4.670925285758235e-05
447,235,4.502832652821616e-05
448,155,4.462619220286584e-05
449,38,4.386764517708593e-05
450,474,4.1927964643183786e-05
451,30,4.1879503609810785e-05
452,406,4.118568844603065e-05
453,343,4.074859350300723e-05
454,248,4.0272065306359296e-05
455,441,3.9831366111971325e-05
456,158,3.935920490019428e-05
457,499,3.904475144976467e-05
458,241,3.895527679238622e-05
459,25,3.653378881737363e-05
460,287,3.613890083761803e-05
461,108,3.52370110799344e-05
462,301,3.262289090985346e-05
463,342,3.2274290438939354e-05
464,481,3.0493975194450025e-05
465,502,2.8393553587815106e-05
466,99,2.768892949898427e-05
467,81,2.7551420411528277e-05
468,97,2.67604866838964e-05
469,493,2.1112572494964477e-05
470,17,2.09535870141951e-05
471,459,1.9713935608232106e-05
472,451,1.9376443584217496e-05
473,160,1.9335761968410734e-05
474,353,1.9308670037627177e-05
475,381,1.9149289902655246e-05
476,325,1.8900345746092874e-05
477,249,1.879031616302564e-05
478,72,1.817532554702408e-05
479,236,1.8135192990287388e-05
480,528,1.7977024889088292e-05
481,198,1.796739516244205e-05
482,61,1.6476622929867102e-05
483,485,1.5792097126625e-05
484,372,1.4741759706262805e-05
485,274,1.4360405453072668e-05
486,239,1.3884460186870392e-05
487,436,1.3467926327002976e-05
488,75,1.3318536013336532e-05
489,370,1.3134458640900203e-05
490,477,1.3092912672329677e-05
491,455,1.2092834494415498e-05
492,145,1.1592129707402213e-05
493,300,1.135882963843243e-05
494,357,1.0204177134336452e-05
495,494,1.0128126233728892e-05
496,445,9.50339993587878e-06
497,26,8.972652885189525e-06
498,389,8.959880246814707e-06
499,442,7.191426428747169e-06
500,185,6.9124588292966885e-06
501,50,6.528741325990323e-06
502,118,6.1044174472922245e-06
503,448,5.926995508427952e-06
504,564,5.593730503390158e-06
505,529,5.275475339830006e-06
506,49,4.902934537771232e-06
507,338,4.862757303962092e-06
508,565,4.4671774845379145e-06
509,257,4.375440247898684e-06
510,226,3.920000264797691e-06
511,102,3.0094213972345336e-06
512,140,2.8635767857621077e-06
513,362,2.2171079964524656e-06
514,322,1.7347227495716578e-06
515,240,1.11797170506214e-06
516,524,1.010822307379063e-06
517,260,9.103783407904971e-07
518,515,8.396635542997673e-07
519,466,6.9706920453468e-07
520,177,5.404880617307789e-07
521,261,3.415605822234056e-07
522,435,1.5128777734549302e-08
523,58,4.4223292887270765e-09
